Gene,label
ENSG00000001167,6
ENSG00000001630,11
ENSG00000002330,0
ENSG00000003756,6
ENSG00000004478,7;6
ENSG00000004487,6
ENSG00000004700,6
ENSG00000004897,6
ENSG00000004961,0
ENSG00000004975,10;6
ENSG00000005339,10;6
ENSG00000005486,12
ENSG00000005812,10
ENSG00000006453,7;5
ENSG00000006611,7
ENSG00000006744,6
ENSG00000006747,5
ENSG00000007080,7;5
ENSG00000007168,18
ENSG00000007372,6
ENSG00000008086,6
ENSG00000008294,7;14
ENSG00000008311,0;9
ENSG00000009307,7
ENSG00000010030,6
ENSG00000010219,9
ENSG00000010244,1
ENSG00000010810,7;5
ENSG00000011295,0
ENSG00000011426,6
ENSG00000011451,6
ENSG00000011454,7
ENSG00000012061,6
ENSG00000012660,11
ENSG00000012822,7
ENSG00000013364,7
ENSG00000013374,8;1
ENSG00000013588,5;9
ENSG00000013810,25
ENSG00000016082,6
ENSG00000018408,7;6
ENSG00000018510,17
ENSG00000020426,6
ENSG00000020922,6
ENSG00000021762,9
ENSG00000021776,6
ENSG00000023191,7
ENSG00000023330,0
ENSG00000023572,6
ENSG00000023734,7
ENSG00000023892,6
ENSG00000025770,6
ENSG00000025772,7
ENSG00000026508,12;5
ENSG00000027001,0
ENSG00000028277,6;9
ENSG00000028528,19
ENSG00000028839,6
ENSG00000029153,8;1
ENSG00000029363,4
ENSG00000029725,9
ENSG00000030582,11;19;2
ENSG00000031691,6
ENSG00000031698,7
ENSG00000031823,6
ENSG00000033030,6
ENSG00000033170,7;12
ENSG00000033178,7;6
ENSG00000035403,16
ENSG00000035928,1
ENSG00000036054,12
ENSG00000037280,4;5
ENSG00000037897,1
ENSG00000038219,6
ENSG00000038358,26
ENSG00000039319,7;9
ENSG00000040487,9
ENSG00000040633,6
ENSG00000042493,1
ENSG00000043143,6
ENSG00000044115,20;5
ENSG00000046604,20
ENSG00000047410,15
ENSG00000047932,12
ENSG00000048162,8
ENSG00000048649,6
ENSG00000048828,7
ENSG00000049449,11
ENSG00000050405,13;7;16;5
ENSG00000051180,8
ENSG00000051596,6
ENSG00000053747,11
ENSG00000054118,4
ENSG00000054282,18
ENSG00000054654,15
ENSG00000055044,22
ENSG00000055332,7
ENSG00000055483,4;8
ENSG00000055917,7
ENSG00000057252,11
ENSG00000057294,20
ENSG00000058272,13;7
ENSG00000058600,6
ENSG00000059573,0
ENSG00000060762,0
ENSG00000060971,17
ENSG00000062485,0
ENSG00000063046,7
ENSG00000063177,7;11
ENSG00000063244,4
ENSG00000063245,7
ENSG00000064419,9
ENSG00000064490,6
ENSG00000064601,9
ENSG00000064607,6
ENSG00000064961,6
ENSG00000065526,6
ENSG00000065534,13
ENSG00000065548,7
ENSG00000065675,14
ENSG00000065978,7
ENSG00000066422,6
ENSG00000066777,7;12;6
ENSG00000067225,7
ENSG00000067334,8
ENSG00000067369,10
ENSG00000067704,0
ENSG00000067829,0
ENSG00000068394,6
ENSG00000068650,9
ENSG00000068796,18;8;1
ENSG00000069956,7
ENSG00000070010,11
ENSG00000070081,12
ENSG00000070444,6
ENSG00000070669,7
ENSG00000070759,6
ENSG00000070814,22
ENSG00000070831,24;21
ENSG00000070950,10;6
ENSG00000071564,6
ENSG00000071626,7;6
ENSG00000071794,1
ENSG00000071859,6
ENSG00000071894,6
ENSG00000072501,6
ENSG00000072571,18;7;21
ENSG00000072682,11
ENSG00000072756,0
ENSG00000073050,6
ENSG00000073282,6
ENSG00000073578,0
ENSG00000073792,7
ENSG00000074219,6
ENSG00000074696,11
ENSG00000074800,7;5
ENSG00000075239,0
ENSG00000075292,6
ENSG00000075426,1
ENSG00000075702,7
ENSG00000076003,6
ENSG00000076053,6
ENSG00000076108,4
ENSG00000076242,6
ENSG00000076706,5
ENSG00000076928,7
ENSG00000076944,7
ENSG00000077009,6;9
ENSG00000077092,6
ENSG00000077097,1
ENSG00000077312,6
ENSG00000077348,8
ENSG00000077420,7;5
ENSG00000077498,9
ENSG00000077549,7;6;9
ENSG00000078070,0
ENSG00000078081,9
ENSG00000078237,7
ENSG00000078674,18
ENSG00000078808,12
ENSG00000079134,4
ENSG00000079246,6
ENSG00000079308,16
ENSG00000079387,16;1
ENSG00000079739,13
ENSG00000079785,7;6
ENSG00000079819,5
ENSG00000079950,2
ENSG00000080224,6
ENSG00000080819,0
ENSG00000080839,6
ENSG00000081059,6
ENSG00000081277,6
ENSG00000081307,7
ENSG00000082014,6
ENSG00000082212,0
ENSG00000082397,5
ENSG00000082516,7
ENSG00000082701,1
ENSG00000082898,7;15;6;9
ENSG00000083544,7;6
ENSG00000083635,8;1
ENSG00000083642,6
ENSG00000083720,0
ENSG00000084463,6
ENSG00000084676,7;6;5
ENSG00000084754,0
ENSG00000085377,7
ENSG00000085491,0
ENSG00000085760,0
ENSG00000085832,7;9
ENSG00000085999,6
ENSG00000086062,12
ENSG00000086102,1
ENSG00000086200,22;1
ENSG00000086589,1
ENSG00000086758,7;6
ENSG00000087087,6
ENSG00000087206,10
ENSG00000087253,11;23
ENSG00000087269,8;1
ENSG00000087274,6;5
ENSG00000087299,0
ENSG00000087365,4
ENSG00000087470,7
ENSG00000087495,6
ENSG00000088205,8
ENSG00000088247,6
ENSG00000088325,24;14;25;6
ENSG00000088538,7
ENSG00000088833,7;6;5
ENSG00000088888,0
ENSG00000088930,8;1
ENSG00000089063,11
ENSG00000089154,7
ENSG00000089159,16
ENSG00000089199,9
ENSG00000089280,6
ENSG00000089639,7;6
ENSG00000089685,24
ENSG00000089775,6
ENSG00000089902,6
ENSG00000090060,6
ENSG00000090273,7
ENSG00000090316,6
ENSG00000090621,7
ENSG00000090861,7
ENSG00000090889,24;6
ENSG00000091164,7
ENSG00000091483,0
ENSG00000091490,1
ENSG00000091527,7;8;5
ENSG00000092067,6
ENSG00000092199,6
ENSG00000092330,10
ENSG00000092621,7;6;5
ENSG00000092820,5
ENSG00000092853,6
ENSG00000093000,15;6
ENSG00000094916,1
ENSG00000095139,12;9
ENSG00000096060,6
ENSG00000096696,20
ENSG00000096717,7;0;1
ENSG00000097007,6
ENSG00000097033,7
ENSG00000099194,11
ENSG00000099284,6
ENSG00000099783,6
ENSG00000099812,16;5
ENSG00000099864,5
ENSG00000099889,20
ENSG00000099942,6
ENSG00000099992,5
ENSG00000099995,4
ENSG00000100023,6
ENSG00000100029,8;1
ENSG00000100084,6
ENSG00000100142,22;1
ENSG00000100162,7
ENSG00000100196,11
ENSG00000100201,4
ENSG00000100216,0
ENSG00000100227,4
ENSG00000100243,11
ENSG00000100297,6
ENSG00000100324,7;4
ENSG00000100347,0
ENSG00000100348,0
ENSG00000100380,7
ENSG00000100393,6
ENSG00000100401,7;15;9
ENSG00000100410,6
ENSG00000100490,6;9
ENSG00000100503,18
ENSG00000100526,7
ENSG00000100568,9
ENSG00000100575,0
ENSG00000100603,6
ENSG00000100650,8;1
ENSG00000100714,7
ENSG00000100722,4
ENSG00000100764,7;6
ENSG00000100784,6
ENSG00000100815,12
ENSG00000100823,1
ENSG00000100867,0;1
ENSG00000100889,0
ENSG00000100897,6
ENSG00000100906,7
ENSG00000100941,4
ENSG00000100949,6
ENSG00000101057,7;6
ENSG00000101109,7;6
ENSG00000101115,6
ENSG00000101138,6
ENSG00000101161,4
ENSG00000101210,7;8
ENSG00000101216,6
ENSG00000101361,22
ENSG00000101365,0
ENSG00000101367,7;14
ENSG00000101412,6
ENSG00000101457,1
ENSG00000101558,11
ENSG00000101654,6
ENSG00000101811,10;6
ENSG00000102030,7;8
ENSG00000102081,7
ENSG00000102103,4
ENSG00000102119,15
ENSG00000102241,6
ENSG00000102316,7;8;1
ENSG00000102471,9
ENSG00000102786,6
ENSG00000102901,10
ENSG00000102935,1
ENSG00000102977,10
ENSG00000103035,6
ENSG00000103067,6
ENSG00000103194,7;6
ENSG00000103197,7
ENSG00000103199,7;6
ENSG00000103275,7
ENSG00000103365,12
ENSG00000103495,1
ENSG00000103496,5
ENSG00000103549,6
ENSG00000103769,14;9
ENSG00000104067,20
ENSG00000104112,9
ENSG00000104131,7
ENSG00000104299,6
ENSG00000104312,7
ENSG00000104408,7;10
ENSG00000104413,10;6
ENSG00000104611,7
ENSG00000104722,3
ENSG00000104738,6
ENSG00000104765,0
ENSG00000104852,6
ENSG00000104859,1
ENSG00000104880,7
ENSG00000104881,7
ENSG00000104885,6
ENSG00000104889,7;1
ENSG00000104980,0
ENSG00000105063,7
ENSG00000105173,6
ENSG00000105186,7
ENSG00000105193,7;11
ENSG00000105202,22
ENSG00000105258,6
ENSG00000105281,5
ENSG00000105289,20
ENSG00000105323,6
ENSG00000105355,23
ENSG00000105373,8
ENSG00000105379,0
ENSG00000105401,7
ENSG00000105483,7;6
ENSG00000105669,12
ENSG00000105676,7
ENSG00000105705,6
ENSG00000105717,9
ENSG00000105722,6
ENSG00000105755,0
ENSG00000105856,4
ENSG00000105866,6
ENSG00000105928,7
ENSG00000105939,7
ENSG00000105953,0
ENSG00000106153,0
ENSG00000106211,7
ENSG00000106244,7;5
ENSG00000106344,8
ENSG00000106628,6
ENSG00000106803,11
ENSG00000107130,5
ENSG00000107159,5
ENSG00000107185,7
ENSG00000107338,7;6
ENSG00000107625,8
ENSG00000107651,9
ENSG00000107672,6
ENSG00000107679,1
ENSG00000107819,0
ENSG00000107874,7;6
ENSG00000107897,17
ENSG00000107929,7
ENSG00000107937,8
ENSG00000108039,7
ENSG00000108064,0
ENSG00000108094,6
ENSG00000108262,7;16
ENSG00000108312,22
ENSG00000108423,7;6
ENSG00000108557,6
ENSG00000108588,11
ENSG00000108592,8
ENSG00000108602,7
ENSG00000108604,6
ENSG00000108651,8
ENSG00000108654,6
ENSG00000108774,19
ENSG00000108829,11
ENSG00000108848,4
ENSG00000108924,1
ENSG00000109079,8
ENSG00000109118,6
ENSG00000109132,6
ENSG00000109171,18;7
ENSG00000109189,8
ENSG00000109220,5;9
ENSG00000109586,12
ENSG00000109606,4
ENSG00000109674,6
ENSG00000109787,6
ENSG00000109814,6
ENSG00000109846,7;5
ENSG00000109920,4
ENSG00000110002,1
ENSG00000110031,7;16
ENSG00000110048,7;12
ENSG00000110075,7;6;5
ENSG00000110104,8;1
ENSG00000110107,4
ENSG00000110218,5
ENSG00000110274,18
ENSG00000110321,7
ENSG00000110619,7
ENSG00000110697,7
ENSG00000110768,6
ENSG00000110955,0
ENSG00000111011,4
ENSG00000111057,7
ENSG00000111087,7;6
ENSG00000111424,6
ENSG00000111530,7;12;6
ENSG00000111605,4;6
ENSG00000111615,8;1
ENSG00000111640,7;5
ENSG00000111642,1
ENSG00000111669,6
ENSG00000111676,6
ENSG00000111716,7
ENSG00000111875,1
ENSG00000112118,6
ENSG00000112167,9
ENSG00000112183,7;6
ENSG00000112210,7;5
ENSG00000112234,4
ENSG00000112294,0
ENSG00000112312,6
ENSG00000112425,6
ENSG00000112578,8
ENSG00000112992,0
ENSG00000113013,0
ENSG00000113141,4
ENSG00000113163,12;6
ENSG00000113194,23
ENSG00000113312,7
ENSG00000113368,15
ENSG00000113460,8
ENSG00000113522,6
ENSG00000113569,15
ENSG00000113580,7;6
ENSG00000113643,7
ENSG00000113649,6
ENSG00000113719,9
ENSG00000113761,1
ENSG00000113845,0
ENSG00000113916,6
ENSG00000114023,0
ENSG00000114026,6
ENSG00000114030,7;1
ENSG00000114346,7;1
ENSG00000114416,7
ENSG00000114439,7;6
ENSG00000114450,5
ENSG00000114503,6
ENSG00000114554,1
ENSG00000114805,9
ENSG00000114861,6
ENSG00000114867,7
ENSG00000114982,1
ENSG00000115053,8
ENSG00000115241,6
ENSG00000115275,11
ENSG00000115289,6
ENSG00000115295,9
ENSG00000115310,11
ENSG00000115415,7;6
ENSG00000115421,6
ENSG00000115514,7
ENSG00000115524,4
ENSG00000115539,7;1
ENSG00000115548,6
ENSG00000115641,13;16
ENSG00000115657,12
ENSG00000115806,12
ENSG00000115866,7
ENSG00000115875,6
ENSG00000115944,0;8
ENSG00000115966,6
ENSG00000115998,1
ENSG00000116095,12
ENSG00000116161,7;6
ENSG00000116171,17
ENSG00000116212,6
ENSG00000116337,7
ENSG00000116478,6
ENSG00000116560,6
ENSG00000116580,10;6
ENSG00000116604,6
ENSG00000116701,7
ENSG00000116863,6
ENSG00000117054,0
ENSG00000117133,8
ENSG00000117222,8;1
ENSG00000117360,6
ENSG00000117394,5
ENSG00000117395,8
ENSG00000117399,7;1
ENSG00000117519,13;7
ENSG00000117523,7
ENSG00000117525,9
ENSG00000117528,17
ENSG00000117595,7
ENSG00000117691,1
ENSG00000117713,6
ENSG00000117748,10;6
ENSG00000117751,4;6
ENSG00000117877,22;1
ENSG00000117906,11
ENSG00000118007,10;1
ENSG00000118260,6
ENSG00000118418,1
ENSG00000118515,4
ENSG00000118689,1
ENSG00000118762,11
ENSG00000118777,1;5
ENSG00000119139,20;7;5
ENSG00000119285,0;22
ENSG00000119383,7;6
ENSG00000119421,0
ENSG00000119523,13;7
ENSG00000119669,6
ENSG00000119707,4
ENSG00000119711,0
ENSG00000119866,6
ENSG00000120075,1
ENSG00000120278,6
ENSG00000120370,7;12
ENSG00000120539,6
ENSG00000120694,7;6
ENSG00000120733,6
ENSG00000120738,6
ENSG00000120802,15
ENSG00000120899,7;5
ENSG00000120915,7
ENSG00000120948,6
ENSG00000121022,6
ENSG00000121058,10;22
ENSG00000121481,6
ENSG00000121653,5
ENSG00000121774,6
ENSG00000121892,6
ENSG00000121940,11
ENSG00000122008,10;6
ENSG00000122188,7;12;5
ENSG00000122257,4
ENSG00000122512,6
ENSG00000122545,13
ENSG00000122566,6
ENSG00000122585,12
ENSG00000122674,9
ENSG00000122705,19;2;9
ENSG00000122779,6
ENSG00000122786,13;5
ENSG00000122958,19
ENSG00000122971,0
ENSG00000123240,7
ENSG00000123268,6
ENSG00000123352,7
ENSG00000123374,6
ENSG00000123454,9
ENSG00000123485,8;1
ENSG00000123562,1
ENSG00000123737,8
ENSG00000123815,0
ENSG00000123836,1
ENSG00000124164,11
ENSG00000124207,7;6
ENSG00000124222,9
ENSG00000124356,7;6;5
ENSG00000124383,8
ENSG00000124496,6
ENSG00000124523,0
ENSG00000124562,6
ENSG00000124571,6
ENSG00000124608,0
ENSG00000124659,7
ENSG00000124789,15
ENSG00000124795,1
ENSG00000124813,6
ENSG00000125351,7
ENSG00000125398,6
ENSG00000125618,6
ENSG00000125651,1
ENSG00000125656,0
ENSG00000125817,10
ENSG00000125818,7
ENSG00000125844,11
ENSG00000125845,9
ENSG00000125901,0
ENSG00000125944,6
ENSG00000125968,6
ENSG00000125970,6
ENSG00000126010,5
ENSG00000126012,6
ENSG00000126067,6
ENSG00000126215,1
ENSG00000126432,7;0
ENSG00000126561,7;6
ENSG00000126602,0
ENSG00000126698,6
ENSG00000126749,8;1
ENSG00000126767,6
ENSG00000126777,11
ENSG00000126945,6
ENSG00000126953,0
ENSG00000127022,11
ENSG00000127191,7
ENSG00000127423,18
ENSG00000127445,7;6
ENSG00000127526,12
ENSG00000127554,7;0
ENSG00000127586,6
ENSG00000127824,21
ENSG00000127831,5
ENSG00000127838,0
ENSG00000127884,0
ENSG00000127914,12
ENSG00000127946,9
ENSG00000127993,6
ENSG00000128342,7
ENSG00000128422,3
ENSG00000128573,6
ENSG00000128641,5
ENSG00000128652,6
ENSG00000128694,0
ENSG00000128708,6
ENSG00000128908,10;6
ENSG00000128923,6
ENSG00000128928,0
ENSG00000129083,7;12;9
ENSG00000129084,6
ENSG00000129158,7;6
ENSG00000129195,1
ENSG00000129315,6
ENSG00000129347,8
ENSG00000129422,21
ENSG00000129559,6
ENSG00000129680,18
ENSG00000129696,18
ENSG00000129993,6
ENSG00000130175,11
ENSG00000130204,0
ENSG00000130305,8;1
ENSG00000130340,7;5
ENSG00000130396,20;5
ENSG00000130475,7;6
ENSG00000130479,7
ENSG00000130513,12
ENSG00000130699,6
ENSG00000130726,6
ENSG00000130749,7;6
ENSG00000130770,0
ENSG00000130787,7;5;9
ENSG00000130803,6
ENSG00000130811,7
ENSG00000130816,6
ENSG00000130935,8
ENSG00000130958,12
ENSG00000130985,6
ENSG00000130997,6
ENSG00000131368,0
ENSG00000131381,9
ENSG00000131467,6
ENSG00000131626,7;16
ENSG00000131711,7
ENSG00000131844,0
ENSG00000131871,11
ENSG00000132002,7;1
ENSG00000132170,1;9
ENSG00000132300,0
ENSG00000132305,0
ENSG00000132383,6
ENSG00000132463,0
ENSG00000132475,6
ENSG00000132485,1
ENSG00000132507,7;6
ENSG00000132591,7;0
ENSG00000132688,3
ENSG00000132773,10;6
ENSG00000132780,6
ENSG00000132881,6
ENSG00000133026,13;7;0
ENSG00000133115,5
ENSG00000133131,6
ENSG00000133226,4
ENSG00000133313,6
ENSG00000133710,9
ENSG00000133805,15
ENSG00000133835,17
ENSG00000133961,20
ENSG00000133997,6
ENSG00000134001,7
ENSG00000134046,6
ENSG00000134056,0
ENSG00000134057,7
ENSG00000134086,6
ENSG00000134146,8;1
ENSG00000134283,6
ENSG00000134317,12;1;9
ENSG00000134595,6
ENSG00000134684,7
ENSG00000134697,8
ENSG00000134698,7;6
ENSG00000134748,1
ENSG00000134762,20
ENSG00000134809,0
ENSG00000134851,12
ENSG00000134852,6
ENSG00000134884,0;6
ENSG00000134954,6
ENSG00000135046,7;6;5
ENSG00000135052,12
ENSG00000135069,7
ENSG00000135218,12
ENSG00000135315,7;5
ENSG00000135316,7;6
ENSG00000135336,6
ENSG00000135372,8
ENSG00000135486,6
ENSG00000135503,7
ENSG00000135521,7;6
ENSG00000135631,14;9
ENSG00000135655,7
ENSG00000135763,8
ENSG00000135801,4
ENSG00000135823,12;6
ENSG00000135829,1
ENSG00000135924,15
ENSG00000135929,0
ENSG00000135940,0
ENSG00000135968,12
ENSG00000135972,0
ENSG00000136010,0
ENSG00000136051,6
ENSG00000136104,1
ENSG00000136108,21
ENSG00000136114,7
ENSG00000136143,0
ENSG00000136156,12;9
ENSG00000136205,16
ENSG00000136231,7
ENSG00000136243,1
ENSG00000136270,0
ENSG00000136280,0
ENSG00000136450,6
ENSG00000136463,0
ENSG00000136518,6
ENSG00000136522,0
ENSG00000136527,6
ENSG00000136628,7
ENSG00000136643,7;19;2
ENSG00000136718,8
ENSG00000136810,7;1
ENSG00000136819,6
ENSG00000136861,18
ENSG00000136875,4
ENSG00000136935,12
ENSG00000136938,6
ENSG00000136986,11
ENSG00000136997,6
ENSG00000137074,8;1
ENSG00000137133,0
ENSG00000137154,7;11
ENSG00000137200,7;6
ENSG00000137203,6
ENSG00000137207,12
ENSG00000137216,13;5
ENSG00000137275,7;5
ENSG00000137404,15
ENSG00000137413,6
ENSG00000137497,6
ENSG00000137500,0
ENSG00000137502,9
ENSG00000137574,7
ENSG00000137656,1
ENSG00000137710,5
ENSG00000137714,0
ENSG00000137720,6
ENSG00000137767,0
ENSG00000137770,6
ENSG00000137776,10;6
ENSG00000137804,1
ENSG00000137806,7
ENSG00000137807,6
ENSG00000137812,10;6
ENSG00000137818,7;11
ENSG00000137824,0
ENSG00000137876,8;1
ENSG00000137996,1
ENSG00000138035,0
ENSG00000138095,0
ENSG00000138363,7;5
ENSG00000138430,7
ENSG00000138668,6
ENSG00000138757,7
ENSG00000138768,12
ENSG00000138814,6
ENSG00000138835,7;6
ENSG00000139083,8
ENSG00000139218,6
ENSG00000139223,6
ENSG00000139233,8
ENSG00000139579,6
ENSG00000139613,6
ENSG00000139687,6
ENSG00000139718,6
ENSG00000139970,11
ENSG00000140105,7
ENSG00000140319,8;1
ENSG00000140326,7
ENSG00000140350,6
ENSG00000140374,0
ENSG00000140395,6
ENSG00000140400,6
ENSG00000140464,10
ENSG00000140525,6
ENSG00000140534,6
ENSG00000140563,7;6
ENSG00000140577,7;6
ENSG00000140632,6
ENSG00000140740,0
ENSG00000140968,6
ENSG00000141027,7;6
ENSG00000141367,9
ENSG00000141385,0
ENSG00000141456,8;1
ENSG00000141499,7;10
ENSG00000141510,6
ENSG00000141522,7
ENSG00000141552,8;6
ENSG00000141564,2
ENSG00000141570,6
ENSG00000141582,6
ENSG00000141644,6;9
ENSG00000141867,6
ENSG00000141905,1
ENSG00000141985,7
ENSG00000142102,7
ENSG00000142453,6
ENSG00000142546,1
ENSG00000142611,6
ENSG00000142684,8;1
ENSG00000142864,7
ENSG00000143256,7
ENSG00000143294,4
ENSG00000143321,6
ENSG00000143337,15
ENSG00000143373,6
ENSG00000143379,6
ENSG00000143384,0
ENSG00000143442,6
ENSG00000143476,1
ENSG00000143514,20;7
ENSG00000143614,6
ENSG00000143621,1
ENSG00000143633,8
ENSG00000143641,12
ENSG00000143702,18
ENSG00000143748,8
ENSG00000143799,1
ENSG00000143815,15
ENSG00000143842,6
ENSG00000143952,12
ENSG00000143970,6
ENSG00000144283,20
ENSG00000144381,0
ENSG00000144589,9
ENSG00000144655,6
ENSG00000144852,6
ENSG00000145012,7;16
ENSG00000145041,22;1
ENSG00000145191,7
ENSG00000145216,6
ENSG00000145241,10
ENSG00000145247,0
ENSG00000145332,6
ENSG00000145386,7;6
ENSG00000145414,1
ENSG00000145425,7;11;8
ENSG00000145833,4
ENSG00000145907,7
ENSG00000145945,24;6
ENSG00000146038,7;14;21;25
ENSG00000146067,1
ENSG00000146281,6
ENSG00000146285,6
ENSG00000146411,20;5
ENSG00000146457,4
ENSG00000146574,9
ENSG00000146648,5
ENSG00000146701,0
ENSG00000146826,14;9
ENSG00000146858,7
ENSG00000146909,8
ENSG00000147065,5
ENSG00000147123,0
ENSG00000147130,6
ENSG00000147133,6
ENSG00000147140,6
ENSG00000147383,11;23
ENSG00000147403,7;11
ENSG00000147421,7;10;6
ENSG00000147459,7
ENSG00000147586,0
ENSG00000147649,11
ENSG00000147654,12
ENSG00000147697,0
ENSG00000147854,6
ENSG00000147889,8
ENSG00000147905,7;8
ENSG00000148082,7;6
ENSG00000148291,8;1
ENSG00000148296,8
ENSG00000148308,6
ENSG00000148335,7;6
ENSG00000148337,6
ENSG00000148498,20
ENSG00000148773,10;8;1
ENSG00000148840,6
ENSG00000148842,9
ENSG00000149187,6
ENSG00000149257,11
ENSG00000149273,7;11
ENSG00000149294,7;5
ENSG00000149300,20
ENSG00000149480,6
ENSG00000149761,6
ENSG00000149782,6
ENSG00000149929,1
ENSG00000150760,1
ENSG00000150768,0
ENSG00000151151,1
ENSG00000151239,7
ENSG00000151247,26;7
ENSG00000151276,20;6
ENSG00000151475,0
ENSG00000151657,1
ENSG00000151729,0
ENSG00000151929,7;5
ENSG00000151948,7
ENSG00000152104,6
ENSG00000152253,7
ENSG00000152291,12;6
ENSG00000152601,6
ENSG00000152683,12
ENSG00000152795,6
ENSG00000152942,6
ENSG00000153015,6
ENSG00000153071,5;9
ENSG00000153113,7;11
ENSG00000153132,11
ENSG00000153406,1
ENSG00000153767,1
ENSG00000153786,12
ENSG00000153914,4;6
ENSG00000154144,1
ENSG00000154174,0
ENSG00000154229,7;5
ENSG00000154277,7
ENSG00000154305,9
ENSG00000154328,6
ENSG00000154370,7;1
ENSG00000154380,7;16;5
ENSG00000154473,6
ENSG00000154639,20;5
ENSG00000154727,6
ENSG00000154743,6
ENSG00000154767,1;5
ENSG00000154781,6
ENSG00000154832,1
ENSG00000155229,6
ENSG00000155307,5
ENSG00000155380,20;5
ENSG00000155438,8
ENSG00000155545,6
ENSG00000155827,6
ENSG00000156030,6
ENSG00000156127,6
ENSG00000156171,12;9
ENSG00000156304,6
ENSG00000156510,0
ENSG00000156515,0
ENSG00000156531,8;1
ENSG00000156675,9
ENSG00000156802,6
ENSG00000156928,0
ENSG00000157077,7;9
ENSG00000157456,7
ENSG00000157557,6
ENSG00000157637,12
ENSG00000157895,8
ENSG00000157916,12
ENSG00000158092,7;5
ENSG00000158161,6
ENSG00000158290,6
ENSG00000158411,9
ENSG00000158545,4
ENSG00000158636,6
ENSG00000158773,6
ENSG00000158864,0;6
ENSG00000158941,10;6
ENSG00000159111,0
ENSG00000159140,4
ENSG00000159166,13
ENSG00000159184,6
ENSG00000159214,7;5
ENSG00000159216,6;9
ENSG00000159256,6
ENSG00000159352,7;6
ENSG00000159692,6
ENSG00000159784,7;6
ENSG00000159884,6;5
ENSG00000160058,12
ENSG00000160194,0
ENSG00000160199,6
ENSG00000160201,6
ENSG00000160208,8
ENSG00000160209,1
ENSG00000160214,8
ENSG00000160299,18
ENSG00000160310,7;6
ENSG00000160392,6
ENSG00000160401,7;5
ENSG00000160633,6
ENSG00000160679,4
ENSG00000160685,6
ENSG00000160691,7
ENSG00000160710,8;1
ENSG00000160741,6
ENSG00000160877,6
ENSG00000160888,6
ENSG00000160949,6
ENSG00000160957,1
ENSG00000160999,7
ENSG00000161011,7;9
ENSG00000161016,7;11;8
ENSG00000161021,6
ENSG00000161048,7
ENSG00000161267,0
ENSG00000161277,6
ENSG00000161513,0
ENSG00000161526,6
ENSG00000161533,9
ENSG00000161544,4
ENSG00000161800,6
ENSG00000161813,7
ENSG00000161904,15
ENSG00000162244,7;11;8
ENSG00000162300,12
ENSG00000162419,6
ENSG00000162458,20;22
ENSG00000162521,6
ENSG00000162599,6
ENSG00000162604,6
ENSG00000162613,6
ENSG00000162616,7;6;5
ENSG00000162642,1
ENSG00000162664,12;6;9
ENSG00000162702,6
ENSG00000162735,17
ENSG00000162772,8;1
ENSG00000162775,6
ENSG00000162851,0
ENSG00000162923,7;6
ENSG00000162961,12;6
ENSG00000163104,6
ENSG00000163155,1
ENSG00000163161,6
ENSG00000163166,6
ENSG00000163320,1
ENSG00000163382,7;6
ENSG00000163435,6
ENSG00000163535,6
ENSG00000163558,24;7;21
ENSG00000163605,6
ENSG00000163607,0
ENSG00000163631,11;12
ENSG00000163781,1
ENSG00000163820,9
ENSG00000163902,11
ENSG00000163918,6
ENSG00000163930,6
ENSG00000163931,6
ENSG00000163932,7
ENSG00000163935,6
ENSG00000163938,8
ENSG00000163946,6
ENSG00000163956,11
ENSG00000163960,6
ENSG00000163961,10;6
ENSG00000164022,7
ENSG00000164062,7
ENSG00000164093,1
ENSG00000164134,7
ENSG00000164163,7
ENSG00000164182,0
ENSG00000164284,0
ENSG00000164332,8;1
ENSG00000164362,6
ENSG00000164400,9
ENSG00000164405,0
ENSG00000164466,0
ENSG00000164494,7
ENSG00000164506,7
ENSG00000164587,7;11
ENSG00000164597,12
ENSG00000164609,6
ENSG00000164654,7;6
ENSG00000164754,6
ENSG00000164828,15
ENSG00000164902,6
ENSG00000164919,0
ENSG00000164978,6
ENSG00000164985,6
ENSG00000165006,7;5
ENSG00000165071,0
ENSG00000165092,7
ENSG00000165119,6
ENSG00000165156,6
ENSG00000165264,0
ENSG00000165271,0;8;1
ENSG00000165280,7;6
ENSG00000165495,1
ENSG00000165512,1
ENSG00000165568,12;6
ENSG00000165637,0
ENSG00000165661,12
ENSG00000165688,0
ENSG00000165699,7
ENSG00000165732,8;1
ENSG00000165733,8;1
ENSG00000165792,1
ENSG00000165887,9
ENSG00000166086,12
ENSG00000166130,11
ENSG00000166169,1
ENSG00000166181,4
ENSG00000166197,8
ENSG00000166199,6
ENSG00000166200,9
ENSG00000166228,7;6
ENSG00000166313,5
ENSG00000166333,20;16
ENSG00000166411,0
ENSG00000166477,22;6
ENSG00000166484,7;1
ENSG00000166508,6
ENSG00000166598,11
ENSG00000166710,7;12;5
ENSG00000166747,7;9
ENSG00000166855,0
ENSG00000166888,7;6
ENSG00000166896,5;9
ENSG00000166946,6
ENSG00000166949,7;6
ENSG00000166965,7;5
ENSG00000166986,7
ENSG00000166987,1
ENSG00000167004,11
ENSG00000167110,12
ENSG00000167173,7
ENSG00000167182,6;9
ENSG00000167264,7
ENSG00000167323,11
ENSG00000167325,7
ENSG00000167491,6
ENSG00000167526,7;11;8
ENSG00000167552,21
ENSG00000167658,7;5
ENSG00000167767,3
ENSG00000167881,7;16
ENSG00000167967,6
ENSG00000167978,4
ENSG00000167986,6
ENSG00000168010,6
ENSG00000168036,5
ENSG00000168066,6
ENSG00000168137,7;1
ENSG00000168264,6
ENSG00000168286,24;6
ENSG00000168310,7;6
ENSG00000168411,6
ENSG00000168434,12
ENSG00000168454,7;1
ENSG00000168488,7
ENSG00000168490,0
ENSG00000168495,6
ENSG00000168496,8;6
ENSG00000168564,6
ENSG00000168802,6
ENSG00000168884,7;6
ENSG00000168924,0
ENSG00000169020,0
ENSG00000169021,0
ENSG00000169032,7;5
ENSG00000169093,7
ENSG00000169217,7;4
ENSG00000169220,6;9
ENSG00000169375,6
ENSG00000169564,26;4
ENSG00000169594,6
ENSG00000169607,25
ENSG00000169710,7;5
ENSG00000169813,6
ENSG00000169851,20;5
ENSG00000169855,5
ENSG00000169895,12
ENSG00000169905,11
ENSG00000169972,9
ENSG00000169976,6
ENSG00000170088,19;2
ENSG00000170144,6
ENSG00000170166,1
ENSG00000170248,7
ENSG00000170312,7;1
ENSG00000170322,1
ENSG00000170430,6
ENSG00000170445,7
ENSG00000170477,3
ENSG00000170525,6
ENSG00000170734,6
ENSG00000170759,7
ENSG00000170854,8;1
ENSG00000170890,7
ENSG00000171097,7;6
ENSG00000171161,6
ENSG00000171163,8;1
ENSG00000171206,7;6;9
ENSG00000171223,6
ENSG00000171401,3
ENSG00000171490,8
ENSG00000171564,11
ENSG00000171566,4
ENSG00000171604,7;6
ENSG00000171634,6
ENSG00000171681,10;6
ENSG00000171813,6
ENSG00000171858,7;11
ENSG00000171940,4
ENSG00000171953,7
ENSG00000172020,5
ENSG00000172053,7
ENSG00000172137,7
ENSG00000172171,0
ENSG00000172216,6
ENSG00000172262,6
ENSG00000172354,5
ENSG00000172432,9
ENSG00000172465,6
ENSG00000172613,6
ENSG00000172716,6
ENSG00000172725,7;5
ENSG00000172766,7
ENSG00000172890,7
ENSG00000172939,7
ENSG00000172985,6
ENSG00000173039,7
ENSG00000173065,6
ENSG00000173083,6;9
ENSG00000173145,8
ENSG00000173175,3
ENSG00000173193,7
ENSG00000173230,12
ENSG00000173276,1
ENSG00000173473,6
ENSG00000173545,7;1
ENSG00000173575,1
ENSG00000173599,0
ENSG00000173726,0
ENSG00000173786,7;1
ENSG00000173801,20;5;9
ENSG00000173905,12
ENSG00000174206,24;21;25
ENSG00000174231,6
ENSG00000174371,10;6
ENSG00000174652,9
ENSG00000175063,7;5
ENSG00000175106,12
ENSG00000175203,18
ENSG00000175354,6
ENSG00000175455,18
ENSG00000175467,4
ENSG00000175592,6
ENSG00000175806,7;6
ENSG00000175866,7;5
ENSG00000176102,6
ENSG00000176248,6
ENSG00000176386,6
ENSG00000176407,7;6
ENSG00000176438,15
ENSG00000176444,6
ENSG00000176978,12;9
ENSG00000176994,6
ENSG00000177054,9
ENSG00000177084,1;5
ENSG00000177108,5
ENSG00000177156,7;6
ENSG00000177303,5
ENSG00000177311,6
ENSG00000177425,13;5
ENSG00000177463,6
ENSG00000177479,6
ENSG00000177485,7;1;5
ENSG00000177542,0;6
ENSG00000177606,6
ENSG00000177613,6
ENSG00000177646,0
ENSG00000177666,23
ENSG00000177683,1
ENSG00000177733,6
ENSG00000177971,8;1
ENSG00000178035,7
ENSG00000178209,7;16;3
ENSG00000178597,7
ENSG00000178764,6
ENSG00000178878,7;6
ENSG00000178950,12;9
ENSG00000178952,0
ENSG00000178999,6
ENSG00000179041,8
ENSG00000179134,7
ENSG00000179242,5
ENSG00000179262,6
ENSG00000179562,7;12;5
ENSG00000179604,13;21;5
ENSG00000179889,12;9
ENSG00000179950,6
ENSG00000180185,0;1
ENSG00000180329,7
ENSG00000180357,6
ENSG00000180370,1
ENSG00000180423,7;5
ENSG00000180626,1
ENSG00000180660,1
ENSG00000180806,6
ENSG00000180900,20;6;5
ENSG00000181019,7
ENSG00000181135,6
ENSG00000181163,8
ENSG00000181222,6
ENSG00000181433,1
ENSG00000181541,1
ENSG00000181938,6
ENSG00000182199,21;0
ENSG00000182362,6
ENSG00000182481,7;6
ENSG00000182872,4
ENSG00000182901,7
ENSG00000182944,1
ENSG00000182979,6
ENSG00000183287,7;5
ENSG00000183337,1
ENSG00000183431,6
ENSG00000183684,4
ENSG00000183696,6
ENSG00000183751,8
ENSG00000183773,0
ENSG00000183963,6
ENSG00000184047,0
ENSG00000184162,6
ENSG00000184254,7;1
ENSG00000184363,20
ENSG00000184465,6
ENSG00000184575,7;6
ENSG00000184640,13
ENSG00000184661,6
ENSG00000184708,9
ENSG00000184743,11
ENSG00000184897,8;1
ENSG00000184900,10;6
ENSG00000185049,10;6
ENSG00000185104,1
ENSG00000185298,8
ENSG00000185359,19
ENSG00000185475,4
ENSG00000185482,7;6
ENSG00000185504,7;3;6
ENSG00000185567,7;5
ENSG00000185591,6
ENSG00000185608,0;8
ENSG00000185630,6
ENSG00000185668,6
ENSG00000185722,19
ENSG00000185825,11
ENSG00000185909,7
ENSG00000185960,6
ENSG00000186001,7
ENSG00000186010,0
ENSG00000186141,6
ENSG00000186174,6
ENSG00000186432,1
ENSG00000186462,7;5
ENSG00000186468,7;11
ENSG00000186493,12;9
ENSG00000186522,13
ENSG00000186575,7;1;5
ENSG00000186806,1
ENSG00000186834,6;9
ENSG00000186847,3
ENSG00000186951,1
ENSG00000187079,6
ENSG00000187134,7
ENSG00000187231,3
ENSG00000187514,7;1
ENSG00000187690,6
ENSG00000187954,6
ENSG00000188015,7;8
ENSG00000188021,7;5
ENSG00000188186,9
ENSG00000188643,7;5
ENSG00000188786,6
ENSG00000188895,6
ENSG00000188976,8
ENSG00000188986,6
ENSG00000189046,1
ENSG00000189221,0
ENSG00000189298,6
ENSG00000196141,7;8
ENSG00000196154,5
ENSG00000196187,14;9
ENSG00000196189,1
ENSG00000196233,6
ENSG00000196235,6
ENSG00000196242,5
ENSG00000196313,15;6
ENSG00000196345,7
ENSG00000196365,0;1
ENSG00000196371,9
ENSG00000196378,7;6
ENSG00000196396,11
ENSG00000196419,6
ENSG00000196422,6
ENSG00000196504,4
ENSG00000196591,1
ENSG00000196923,13;16
ENSG00000196924,13;7;5
ENSG00000196937,12
ENSG00000197062,1
ENSG00000197081,12;9
ENSG00000197122,7;5
ENSG00000197157,7
ENSG00000197183,6
ENSG00000197223,8;1
ENSG00000197249,9
ENSG00000197265,6
ENSG00000197312,7;6
ENSG00000197451,6
ENSG00000197576,10
ENSG00000197601,17
ENSG00000197712,7;12;1
ENSG00000197728,7;11;8
ENSG00000197763,7;6
ENSG00000197771,6
ENSG00000197780,8;1
ENSG00000197879,5
ENSG00000197956,7;5
ENSG00000198026,6
ENSG00000198081,1
ENSG00000198087,7;5
ENSG00000198160,6
ENSG00000198162,12
ENSG00000198218,6
ENSG00000198231,4
ENSG00000198356,8;1
ENSG00000198492,7
ENSG00000198498,8
ENSG00000198517,6
ENSG00000198554,6
ENSG00000198556,6
ENSG00000198561,5
ENSG00000198563,4
ENSG00000198586,1
ENSG00000198721,17
ENSG00000198730,6
ENSG00000198736,6
ENSG00000198783,6
ENSG00000198824,6
ENSG00000198848,11
ENSG00000198862,7
ENSG00000198912,1
ENSG00000198914,1
ENSG00000198920,18;7
ENSG00000198945,8;1
ENSG00000203667,0
ENSG00000204120,7
ENSG00000204186,6
ENSG00000204209,10;1
ENSG00000204256,4
ENSG00000204356,10;6
ENSG00000204394,7
ENSG00000204463,7;6
ENSG00000204569,10;6
ENSG00000204574,7
ENSG00000204628,7;6
ENSG00000204740,12
ENSG00000204842,7
ENSG00000205078,3
ENSG00000205189,6
ENSG00000205220,7
ENSG00000205302,19
ENSG00000205339,7;6
ENSG00000205352,6
ENSG00000205413,7;9
ENSG00000205683,6
ENSG00000206053,7;5
ENSG00000213079,6
ENSG00000213085,6
ENSG00000213221,0
ENSG00000213366,7
ENSG00000213639,1;5
ENSG00000213672,5
ENSG00000213782,8
ENSG00000213865,6
ENSG00000214022,1
ENSG00000214253,0
ENSG00000214753,6
ENSG00000215021,0
ENSG00000215883,6
ENSG00000221886,6
ENSG00000222011,7
ENSG00000224470,1
ENSG00000225921,8
ENSG00000226650,6
ENSG00000227345,1;9
ENSG00000239672,7
ENSG00000239900,7
ENSG00000240230,7
ENSG00000240682,4
ENSG00000243156,6
ENSG00000243943,1
ENSG00000244462,6
ENSG00000244687,6
ENSG00000248487,9
ENSG00000249751,5
ENSG00000253729,6
ENSG00000254986,7
ENSG00000257390,4
ENSG00000258644,0
ENSG00000259956,6
ENSG00000261150,3
ENSG00000261236,8;1
ENSG00000261796,4
ENSG00000262660,0
ENSG00000263001,6
ENSG00000265241,4
ENSG00000269335,7
ENSG00000270647,6
ENSG00000272031,7
ENSG00000273559,4
ENSG00000277791,0
ENSG00000278259,7
ENSG00000278619,0
ENSG00000278845,0
